Material,Model,Quantity,Location,Problem,Cause,Solution,???????????,Pic,????,Target date,
0060892154,CAB FOAM ASSY-/TM12_WW,2,RAC4-PU Foam A,??????????,???????????????????????????,OJT???????,70038504,K.????????,PDA,,23/09/26 N
0070850434,CAB FOAM ASSY-/FUF_18Q,1,RAC4-PU Foam A,??????????????,??????? Jig no.5,????????????????????????????,,K.Gao Qiangchuan,ME,,23/09/26 N
0060881296,CAB FOAM ASSY-/ECRA147ONL_CB/MB/CS_G-BLK,1,RAC4-PU Foam A,??????? Bottom ,???????????????????????????,OJT???????,70038504,K.????????,PDA,,23/09/26 N
0060880834,CAB FOAM ASSY-/TATUNG_320_TR-B1332VDB,1,RAC4-PU Foam A,??????,????????????????????????????????,OJT???????,70038504,K.????????,PDA,,23/09/26 N
0060892154,CAB FOAM ASSY-/TM12_WW,1,RAC4-PU Foam A,????????,???????????????????????????,OJT???????,70039983,K.???,PDA,,23/09/26 N
0070850432,CAB FOAM ASSY-/FUF_22S,1,RAC4-PU Foam A,??????,???????????????????????????,????????????????????????????,,,,?????? IQC ???,23/09/26 N
0060880562,CAB FOAM ASSY-/TM545-HRF212_OB_INV,1,RAC4-PU Foam A,????????????,?????????????????????????,OJT???????,70040955,K.??????????,PDA,,23/09/26 N
0070850432,CAB FOAM ASSY-/FUF_22S,1,RAC4-PU Foam A,??????,???????????????????????????,OJT???????,70039983,K.???,PDA,,23/09/26 N
0070850431,CAB FOAM ASSY-/FUF_22Q,1,RAC4-PU Foam A,?????????????,???????????????????????????,OJT???????,70039969,K.?????,PDA,,23/09/26 N
0060877093,CAB FOAM ASSY-/G3_ECO_HRF-468NS,3,RAC4-PU Foam A,????????????,?????????????????????????,OJT???????,70039983,K.???,PDA,,23/09/26 N
0070850437,CAB FOAM ASSY-/FUF_14Q,1,RAC4-PU Foam A,?????? Final,???????????????????????????,OJT???????,70038507,K.?????,PDA,,23/09/26 N
0060885079,CAB FOAM ASSY-/320_WH_EXP,1,RAC4-PU Foam A,????????????,?????????????????????????,OJT???????,70039983,K.???,PDA,,23/09/26 N
0060892153,CAB FOAM ASSY-/TM12_SS,2,RAC4-PU Foam A,????????? F ???,???????????????,????????????????????????????,70037404,K.?????,TF,,23/09/26 N
0070850434,CAB FOAM ASSY-/FUF_18Q,1,RAC4-PU Foam A,?????????????????,???????????????????????????,OJT???????,70040955,K.??????????,PDA,,23/09/26 N
